Id,User,X0,Y0,Z0,X1,Y1,Z1,X2,Y2,Z2,X3,Y3,Z3,X4,Y4,Z4,X5,Y5,Z5,X6,Y6,Z6,X7,Y7,Z7,X8,Y8,Z8,X9,Y9,Z9,X10,Y10,Z10,X11,Y11,Z11,X12,Y12,Z12,X13,Y13,Z13,X14,Y14,Z14,X15,Y15,Z15,X16,Y16,Z16,X17,Y17,Z17,X18,Y18,Z18,X19,Y19,Z19,X20,Y20,Z20,Gesture
0,cmario,0.5524954795837402,0.6937876343727112,-2.766422255717771e-07,0.4714068472385406,0.7456977367401123,-0.0024322790559381,0.4077529609203338,0.7581902146339417,-0.0233089365065097,0.3502922356128692,0.7852038145065308,-0.048990361392498,0.312827855348587,0.8253987431526184,-0.074451595544815,0.3506747484207153,0.591836154460907,-0.0118621941655874,0.2653126120567322,0.6100870966911316,-0.0361089147627353,0.2127395570278167,0.6160733103752136,-0.051096323877573,0.1666213274002075,0.6158984899520874,-0.0642319396138191,0.3631311357021332,0.5878905653953552,-0.0287243537604808,0.2933871448040008,0.7174896001815796,-0.0598162077367305,0.3354470431804657,0.7520645260810852,-0.0591356195509433,0.367144227027893,0.7384543418884277,-0.0551639534533023,0.381721943616867,0.6157976388931274,-0.0477504432201385,0.3398181498050689,0.7559225559234619,-0.0719197541475296,0.3821840286254883,0.7750182747840881,-0.0570135936141014,0.404221773147583,0.7505730986595154,-0.0458608120679855,0.4018291532993316,0.66026771068573,-0.0689791366457939,0.3844425976276397,0.7719637155532837,-0.0859629958868026,0.416000634431839,0.7903490662574768,-0.0804641842842102,0.4320352375507355,0.7726274728775024,-0.0746657401323318,RIGHT_INDEX_LEFT
1,cmario,0.6476041078567505,0.712326169013977,-2.080624881273252e-07,0.556285560131073,0.7297852635383606,0.0044117318466305,0.4793227314949035,0.7433065176010132,-0.0170740019530057,0.4297056794166565,0.7925127744674683,-0.0454228855669498,0.4222891330718994,0.8500300645828247,-0.0752578452229499,0.4242702722549438,0.5962611436843872,-0.0220061130821704,0.333150714635849,0.5898836851119995,-0.0493696294724941,0.2772266864776611,0.5894289612770081,-0.06464883685112,0.2266512513160705,0.5883265137672424,-0.0790061205625534,0.4471960365772247,0.5931664705276489,-0.0452633760869503,0.3872659206390381,0.7425668239593506,-0.0822559297084808,0.428004503250122,0.7742466330528259,-0.0841840505599975,0.4575560390949249,0.7586678266525269,-0.0834720507264137,0.4791009128093719,0.6284787058830261,-0.0689039826393127,0.4449027478694916,0.7894824743270874,-0.0987287461757659,0.4883134067058563,0.8028202652931213,-0.0858064815402031,0.5125438570976257,0.776722252368927,-0.0756033137440681,0.5094195604324341,0.6833733320236206,-0.0936577394604682,0.4906176924705505,0.8101916313171387,-0.1150075569748878,0.5203182697296143,0.8316324949264526,-0.1097720935940742,0.5373145341873169,0.819587767124176,-0.1038651317358017,RIGHT_INDEX_LEFT
2,cmario,0.5299946069717407,0.7275140881538391,-2.3770179780058245e-07,0.486468493938446,0.6434900760650635,0.019954627379775,0.4242764413356781,0.6076695322990417,0.0224546045064926,0.374749094247818,0.587687611579895,0.0213067606091499,0.3424209952354431,0.5700883865356445,0.0173668749630451,0.3582266867160797,0.6121511459350586,-0.0180360861122608,0.2736158668994903,0.6171330213546753,-0.0235987585037946,0.2228448092937469,0.628980278968811,-0.025073442608118,0.1858435124158859,0.6418827772140503,-0.0265100914984941,0.3469936847686767,0.6714659333229065,-0.0278006251901388,0.3413188755512237,0.6982144117355347,-0.0241668280214071,0.3698012828826904,0.7038155794143677,-0.0130853215232491,0.3951463103294372,0.6966838240623474,-0.0087523553520441,0.3565628230571747,0.7352260947227478,-0.0332509353756904,0.360547810792923,0.744473397731781,-0.0271870400756597,0.3842848837375641,0.745161235332489,-0.0122226756066083,0.4067345857620239,0.7429988980293274,-0.0064121116884052,0.3714681565761566,0.7973370552062988,-0.0369755178689956,0.3727346360683441,0.7914012670516968,-0.0289988704025745,0.397477388381958,0.7906040549278259,-0.0138881476595997,0.4177664518356323,0.7915036082267761,-0.0031559646595269,RIGHT_INDEX_LEFT
3,cmario,0.596187949180603,0.6516525745391846,-1.0794190785645696e-07,0.5471528768539429,0.5773792862892151,0.0159423220902681,0.4826660454273224,0.5674311518669128,0.0151570104062557,0.4414270520210266,0.5968570709228516,0.0098747238516807,0.4219878315925598,0.6418339014053345,0.0008192621753551,0.4167612791061401,0.5471168756484985,-0.0165173839777708,0.3299535512924194,0.5486032962799072,-0.0234178695827722,0.2764391303062439,0.5488466024398804,-0.0271132197231054,0.2378139793872833,0.550701916217804,-0.0308245606720447,0.4048982560634613,0.6073947548866272,-0.0267768371850252,0.4016516208648681,0.6562783122062683,-0.0292665846645832,0.4330702722072601,0.6617497801780701,-0.0221439283341169,0.4583711624145508,0.6474679112434387,-0.0191708859056234,0.4143026769161224,0.6735434532165527,-0.0333934538066387,0.4262572228908539,0.7094365358352661,-0.0280974637717008,0.4518400728702545,0.7058244347572327,-0.0155534101650118,0.4724909961223602,0.692013144493103,-0.0116217136383056,0.429561972618103,0.7372339367866516,-0.0396279394626617,0.4453784227371216,0.7547953128814697,-0.0319400504231452,0.4718022048473358,0.7499774694442749,-0.0198065731674432,0.4898408651351928,0.7402113080024719,-0.0113056143745779,RIGHT_INDEX_LEFT
4,cmario,0.5675951242446899,0.6571803689002991,-3.6688064142254007e-08,0.5183843970298767,0.5826848149299622,0.0159528758376836,0.4604861438274383,0.5733594298362732,0.0167223326861858,0.4236891269683838,0.6009852886199951,0.0136556150391697,0.4058181643486023,0.6429572701454163,0.0079533839598298,0.3910447061061859,0.5678238272666931,-0.0110494960099458,0.3113824725151062,0.5733644962310791,-0.0139689845964312,0.2620472609996795,0.5780912041664124,-0.0138842845335602,0.2269955426454544,0.5842106342315674,-0.0146221686154603,0.3797356784343719,0.6306130886077881,-0.0200814045965671,0.3728868961334228,0.653881311416626,-0.016853230074048,0.4026429951190948,0.6565003991127014,-0.0083759883418679,0.4277618527412414,0.647182285785675,-0.0040901997126638,0.3915934860706329,0.6932785511016846,-0.0254543293267488,0.4066907465457916,0.7057745456695557,-0.0165881626307964,0.4302588105201721,0.6998363137245178,-0.0054792668670415,0.4491339027881622,0.6892236471176147,-0.002058375859633,0.4094578921794891,0.7518282532691956,-0.0302262268960475,0.4269537329673767,0.7501774430274963,-0.0196108538657426,0.4505244791507721,0.7425771951675415,-0.0080120991915464,0.4660739302635193,0.7354138493537903,0.0001654982042964,RIGHT_INDEX_LEFT
5,cmario,0.5645514726638794,0.6869181394577026,-1.138143943535397e-07,0.5133546590805054,0.6055620312690735,0.0214630775153636,0.4486652314662933,0.5900356769561768,0.025576714426279,0.4040716588497162,0.6134012341499329,0.0252815522253513,0.3808349370956421,0.6546820402145386,0.0220390781760215,0.3884870707988739,0.5786902904510498,-0.0074861510656774,0.3070964217185974,0.5773882865905762,-0.0079782214015722,0.2589020133018493,0.5826499462127686,-0.0056889825500547,0.224650964140892,0.5907661318778992,-0.0051175765693187,0.374163955450058,0.6390095353126526,-0.0181390158832073,0.3585108816623688,0.659878671169281,-0.0115840313956141,0.387467086315155,0.6676880717277527,-0.0008640905725769,0.4141198396682739,0.6646540760993958,0.004153024405241,0.3817345798015594,0.7029948234558105,-0.0245014522224664,0.3886531591415405,0.7152248620986938,-0.0133922854438424,0.4136193394660949,0.7149896025657654,-0.0008916895603761,0.4362496137619018,0.7105848789215088,0.0026027539279311,0.3963880538940429,0.7643933296203613,-0.0294987987726926,0.4062156677246094,0.7677614688873291,-0.0183271989226341,0.4305826425552368,0.7648456692695618,-0.0059338021092116,0.4499114155769348,0.7614808082580566,0.0024091864470392,RIGHT_INDEX_LEFT
6,cmario,0.5205947160720825,0.639955997467041,-1.0877309364332177e-07,0.4802043437957763,0.5573056936264038,0.0156226437538862,0.4237756133079529,0.5368913412094116,0.0150626841932535,0.3820221424102783,0.5643194317817688,0.0108658829703927,0.3609194159507751,0.6085938811302185,0.0035722770262509,0.3562335073947906,0.5182595252990723,-0.0148262651637196,0.2730315327644348,0.5192515254020691,-0.0196799114346504,0.2185146063566208,0.5254515409469604,-0.0216323286294937,0.1778205037117004,0.5332356691360474,-0.0243840403854846,0.3390744924545288,0.5771970152854919,-0.0248876456171274,0.3287923336029053,0.6156455278396606,-0.0222721640020608,0.3567399680614471,0.6244303584098816,-0.0134880365803837,0.3806001842021942,0.6153848767280579,-0.0100659243762493,0.3447953164577484,0.6424075365066528,-0.0312600210309028,0.3471725583076477,0.6648079752922058,-0.0235034544020891,0.3705742657184601,0.6655759811401367,-0.0102773373946547,0.3896225690841675,0.6563639044761658,-0.0060687153600156,0.3574479818344116,0.7041652202606201,-0.0369816906750202,0.3664034903049469,0.7088894248008728,-0.0276069156825542,0.3912231624126434,0.705628514289856,-0.0138513036072254,0.4086860716342926,0.7003684043884277,-0.0043915142305195,RIGHT_INDEX_LEFT
7,cmario,0.4034440815448761,0.8076813817024231,-7.180870653655802e-08,0.3631205558776855,0.7286789417266846,0.0138379465788602,0.3068423569202423,0.6957627534866333,0.0147277191281318,0.265778511762619,0.717383086681366,0.0123962489888072,0.2472575455904007,0.7566335797309875,0.0073080188594758,0.2456026822328567,0.6876060366630554,-0.0107242930680513,0.1768265068531036,0.6745859384536743,-0.0129566714167594,0.1303688436746597,0.6688475012779236,-0.0147475488483905,0.0970392078161239,0.666339099407196,-0.0174604728817939,0.2238418608903885,0.7466480135917664,-0.0182715076953172,0.2314671576023101,0.7707257270812988,-0.0134236020967364,0.2581867277622223,0.7804823517799377,-0.0059194439090788,0.2821088433265686,0.7778902649879456,-0.0038796586450189,0.2268881499767303,0.8117418885231018,-0.0224718488752841,0.2441313117742538,0.8277981281280518,-0.014428824186325,0.2657959461212158,0.8295302987098694,-0.0039040513802319,0.2873243689537048,0.8248254060745239,-0.0014037367654964,0.2381811141967773,0.8762888312339783,-0.0259555131196975,0.2528230845928192,0.883584201335907,-0.0177101418375968,0.2757681310176849,0.8817511200904846,-0.0062224613502621,0.2946541309356689,0.8791435360908508,0.0018796351505443,RIGHT_INDEX_LEFT
8,cmario,0.4511932134628296,0.5562330484390259,-3.2744799227657495e-07,0.3756797909736633,0.6098091006278992,0.021426647901535,0.3226473331451416,0.6230290532112122,0.02283201739192,0.2880308330059051,0.6392615437507629,0.0150802107527852,0.2638523578643799,0.6562323570251465,0.0051378104835748,0.2737014293670654,0.4917860031127929,0.0242523662745952,0.208514466881752,0.504543662071228,0.0206471588462591,0.171576127409935,0.5056561231613159,0.015982300043106,0.1374175250530243,0.5049357414245605,0.0101653169840574,0.2757779657840729,0.4881873726844787,0.0051015675999224,0.2205726504325866,0.5907512307167053,-0.0100098755210638,0.2478359937667846,0.6423232555389404,-0.0183456558734178,0.2800955474376678,0.6617136001586914,-0.0210450254380702,0.2844992876052856,0.5070258378982544,-0.012967150658369,0.2381252646446228,0.6128072738647461,-0.0292349476367235,0.2697032392024994,0.659442126750946,-0.0314716584980487,0.3029069304466247,0.675092875957489,-0.0291947424411773,0.2966370284557342,0.5412711501121521,-0.0292199328541755,0.2568759322166443,0.6260167360305786,-0.0396005734801292,0.2747730910778045,0.6631692051887512,-0.0380520597100257,0.2997973561286926,0.6808381080627441,-0.0337732918560504,RIGHT_INDEX_LEFT
9,cmario,0.523399293422699,0.2680922150611877,-3.341082219776581e-07,0.4681631624698639,0.2796705961227417,0.0121852504089474,0.4253759980201721,0.2721273303031921,0.0133100682869553,0.3946389555931091,0.2675182819366455,0.0089143617078661,0.3705207407474518,0.2672100365161896,0.003117766464129,0.4030724763870239,0.2001447230577469,0.007709702476859,0.3551837801933288,0.2112563401460647,-0.0024857972748577,0.3239195346832275,0.2136461436748504,-0.009542285464704,0.2992245256900787,0.2165650278329849,-0.0144810630008578,0.4111594557762146,0.190584510564804,-0.0050437515601515,0.3660964369773865,0.2545143365859985,-0.0207199715077877,0.3700837194919586,0.3025471866130829,-0.0266509763896465,0.3805418610572815,0.3343474268913269,-0.0280148684978485,0.4226462841033935,0.195564866065979,-0.0176385454833507,0.3860661387443542,0.2670232653617859,-0.0325960479676723,0.3893305957317352,0.3137728869915008,-0.0346506424248218,0.3973250389099121,0.345486968755722,-0.0331574045121669,0.4365511834621429,0.2110286206007003,-0.0292546804994344,0.4105723798274994,0.2712655365467071,-0.0381253696978092,0.4083163738250732,0.3078571856021881,-0.0385881662368774,0.4103909134864807,0.3358675241470337,-0.0366791039705276,RIGHT_INDEX_LEFT
10,cmario,0.4357896447181701,0.7465033531188965,-2.085182302380417e-07,0.3956732153892517,0.7168881297111511,0.0139718716964125,0.3579121828079223,0.7176475524902344,0.0183799844235181,0.3310847878456116,0.7361885905265808,0.0179110672324895,0.318162202835083,0.7634286880493164,0.0156830679625272,0.3282148838043213,0.7002239227294922,0.0146287344396114,0.2842752933502197,0.7138875126838684,0.0124665601179003,0.2587339878082275,0.7203945517539978,0.0101316599175333,0.2391517162322998,0.7283771634101868,0.0076431441120803,0.3215655088424682,0.7161626219749451,0.0062902681529521,0.3012795150279999,0.783104658126831,0.000259544030996,0.3162222802639007,0.8146449327468872,-0.003361583687365,0.3318058550357818,0.8298441171646118,-0.0049242135137319,0.3225162625312805,0.7412964105606079,-0.0010402037296444,0.3080435991287231,0.8073646426200867,-0.0058423355221748,0.3247136175632477,0.8344244956970215,-0.0075106592848896,0.3411876559257507,0.8472656011581421,-0.0080825584009289,0.3286052346229553,0.7697954773902893,-0.007155850995332,0.3212539255619049,0.8244981169700623,-0.0093250349164009,0.3320569396018982,0.8453543186187744,-0.0093678832054138,0.3435443341732025,0.8577361106872559,-0.0082612223923206,RIGHT_INDEX_LEFT
11,cmario,0.293019026517868,0.1561117172241211,-1.821667297008389e-07,0.2822581231594085,0.1952046602964401,0.006264129653573,0.2708832621574402,0.2343730032444,0.0033428797032684,0.2670774161815643,0.2687259316444397,-0.0014095370424911,0.2678521573543548,0.2966597974300384,-0.0072774314321577,0.2303667813539505,0.2295168340206146,-0.0061086500063538,0.2364761978387832,0.2862474620342254,-0.014278370887041,0.2464574128389358,0.3135133981704712,-0.0201758798211812,0.2560923993587494,0.3294121026992798,-0.0238299742341041,0.236097827553749,0.2245322167873382,-0.0145927192643284,0.2389229089021682,0.2840926647186279,-0.0223564840853214,0.2486598640680313,0.3128325343132019,-0.0275979228317737,0.2601756155490875,0.33333620429039,-0.0317513048648834,0.250393658876419,0.2210530191659927,-0.02221011929214,0.2490417063236236,0.2776654064655304,-0.0292978305369615,0.2556771636009216,0.3071088790893554,-0.0315576307475566,0.2629229724407196,0.3296356797218323,-0.0334106460213661,0.2713402807712555,0.220479816198349,-0.0288383774459362,0.2690432667732239,0.2639285027980804,-0.0365746542811393,0.2700707614421844,0.2886414229869842,-0.0384365878999233,0.2709336578845978,0.3092883825302124,-0.0391881018877029,RIGHT_INDEX_LEFT
12,cmario,0.7702999711036682,0.2360784411430359,-2.393427109836921e-07,0.7305757403373718,0.242125004529953,-0.0125719709321856,0.6998738646507263,0.2475753128528595,-0.0255610104650259,0.6780230402946472,0.2581092119216919,-0.0394931510090827,0.6615358591079712,0.2728722095489502,-0.0547810420393943,0.6727507710456848,0.1653605848550796,-0.0212376229465007,0.6307803392410278,0.1723238974809646,-0.0419330708682537,0.602266252040863,0.1661258488893509,-0.0580303221940994,0.5785267949104309,0.1587042808532714,-0.0694805309176445,0.6931310296058655,0.1425355523824691,-0.0269870683550834,0.6700343489646912,0.196272537112236,-0.0554684288799762,0.6765074729919434,0.2480358034372329,-0.0656340569257736,0.686471164226532,0.2830346524715423,-0.0676756501197815,0.7217516899108887,0.140252947807312,-0.0342146381735801,0.7023693323135376,0.2022833973169326,-0.0600259937345981,0.7051874995231628,0.2477453798055648,-0.0603710412979126,0.7114829421043396,0.2778378129005432,-0.0549481213092803,0.7521049976348877,0.1505315154790878,-0.0426051020622253,0.7345545291900635,0.1966617107391357,-0.0603626705706119,0.7298628091812134,0.2332328259944915,-0.0588298849761486,0.7298478484153748,0.2585480809211731,-0.0534981377422809,RIGHT_INDEX_LEFT
13,cmario,0.5135101079940796,0.650448739528656,2.485852590439208e-08,0.483670026063919,0.6691045761108398,0.0073499935679137,0.4481902122497558,0.6926913857460022,0.0039247251115739,0.4266554713249206,0.7300828695297241,-0.0017707337392494,0.4208821356296539,0.7684890627861023,-0.0089475531131029,0.4094999730587005,0.6601407527923584,-0.0081965625286102,0.3760320544242859,0.6763527393341064,-0.0182061400264501,0.347604751586914,0.6739761233329773,-0.0238593406975269,0.32659512758255,0.6718615293502808,-0.0278690308332443,0.4156107306480407,0.6644376516342163,-0.0175255518406629,0.3968523442745209,0.7477699518203735,-0.0280712749809026,0.410513162612915,0.7884172797203064,-0.0286654010415077,0.4253113269805908,0.8135058283805847,-0.0280925445258617,0.4307937324047088,0.6796965599060059,-0.0260820165276527,0.414392352104187,0.7666952610015869,-0.0363645404577255,0.4242539405822754,0.8057835698127747,-0.034223485738039,0.4331689774990082,0.830349862575531,-0.0316786095499992,0.4502578973770141,0.7023853659629822,-0.0337118953466415,0.4424580335617065,0.7748523950576782,-0.0446017794311046,0.4437909722328186,0.8121654987335205,-0.0470184385776519,0.444367915391922,0.8381320238113403,-0.0467861331999301,RIGHT_INDEX_LEFT
14,cmario,0.5177378058433533,0.1894165426492691,-3.213706634142e-07,0.473113089799881,0.218414694070816,-0.0035000697243958,0.4286850988864898,0.2323979139328003,-0.0091247390955686,0.3949235677719116,0.2387629449367523,-0.0180699173361063,0.366021454334259,0.2435479164123535,-0.0269697103649377,0.3931362330913543,0.1460372805595398,-0.000519243243616,0.3452863395214081,0.1639315634965896,-0.0160897355526685,0.315104603767395,0.1706620305776596,-0.0281545035541057,0.2892768979072571,0.1734460294246673,-0.0373290926218032,0.4032723605632782,0.1207114458084106,-0.0095508471131324,0.3636798560619354,0.1723751723766327,-0.0330907143652439,0.376610666513443,0.2160615921020507,-0.0414311103522777,0.3942356407642364,0.2388018369674682,-0.0427634380757808,0.4203417897224426,0.1067027002573013,-0.0205665323883295,0.3823349177837372,0.158975139260292,-0.0432654991745948,0.3911945521831512,0.2036593556404113,-0.0431271009147167,0.4068882763385772,0.227949246764183,-0.0379284657537937,0.4423624277114868,0.104385107755661,-0.0324468165636062,0.4177501201629638,0.1557160764932632,-0.0499156080186367,0.4171195924282074,0.1956164687871933,-0.0513727441430091,0.4248023927211761,0.2211666107177734,-0.0483440458774566,RIGHT_INDEX_LEFT
15,cmario,0.7916475534439087,0.4693550765514374,-2.847901328095759e-07,0.7488110661506653,0.4881793260574341,-0.0071696559898555,0.7107533812522888,0.4984726905822754,-0.0192842036485672,0.6866881847381592,0.5121986865997314,-0.0337900295853614,0.6764052510261536,0.5231063365936279,-0.0493278019130229,0.6738467812538147,0.4197299778461456,-0.0173821840435266,0.6304013133049011,0.4299621284008026,-0.0381650254130363,0.5985326170921326,0.431520938873291,-0.0522158667445182,0.573081374168396,0.4302100241184234,-0.0621675550937652,0.6907637715339661,0.398615151643753,-0.0262221843004226,0.67453932762146,0.4732300937175751,-0.0545981302857399,0.6958591938018799,0.515984296798706,-0.06008792668581,0.7135870456695557,0.529396116733551,-0.0584905445575714,0.7160291075706482,0.3951291143894195,-0.0364148207008838,0.7039632201194763,0.4801836907863617,-0.0600090026855468,0.7243413329124451,0.5097845196723938,-0.0528601706027984,0.7391436100006104,0.5120850205421448,-0.0427731312811374,0.7434635758399963,0.4022001326084137,-0.0479845404624938,0.7292741537094116,0.4698190987110138,-0.0618824772536754,0.7406609058380127,0.4956609904766083,-0.0550006069242954,0.7514152526855469,0.4961237907409668,-0.0461319088935852,RIGHT_INDEX_LEFT
16,cmario,0.7416085004806519,0.770887017250061,-1.189379332799945e-07,0.6916835904121399,0.7831343412399292,0.0009171125711873,0.6438997983932495,0.8027819991111755,-0.01209965813905,0.6099556684494019,0.8451024293899536,-0.0282575525343418,0.5935056209564209,0.8847697377204895,-0.0446102395653724,0.6043088436126709,0.729181170463562,-0.011170145124197,0.5526857376098633,0.7416038513183594,-0.0273993611335754,0.5196121335029602,0.7484742999076843,-0.0362456813454628,0.4917147159576416,0.752731442451477,-0.0440155528485775,0.6178237795829773,0.7331476807594299,-0.0241282321512699,0.5896838903427124,0.823403000831604,-0.0463277995586395,0.6147856116294861,0.8332444429397583,-0.0478702522814273,0.6298235654830933,0.8166539669036865,-0.0471355058252811,0.6382268667221069,0.7552202343940735,-0.0374933257699012,0.6234038472175598,0.8463212847709656,-0.0561185888946056,0.6473681926727295,0.845447301864624,-0.0479850471019744,0.6562314629554749,0.8240324258804321,-0.0412524119019508,0.6592286825180054,0.7857872247695923,-0.0513077042996883,0.6529329419136047,0.85793137550354,-0.0643592849373817,0.6716222763061523,0.8585485219955444,-0.0603483729064464,0.6781901121139526,0.8414947986602783,-0.0559833385050296,RIGHT_INDEX_LEFT
17,cmario,0.3590075969696045,0.7749879956245422,-1.4941750237085216e-07,0.3218087255954742,0.7439109086990356,0.010881021618843,0.286592960357666,0.744110643863678,0.0139714516699314,0.2615005671977997,0.7646889686584473,0.0132531626150012,0.2494376301765442,0.7919461131095886,0.0107807032763957,0.2572958767414093,0.7261025905609131,0.0093505131080746,0.2127632349729538,0.734708309173584,0.0067404168657958,0.1842854619026184,0.7388667464256287,0.0053664930164813,0.1617445945739746,0.7428501844406128,0.0032702183816581,0.2490785866975784,0.7441640496253967,0.0025351436343044,0.2252435237169265,0.8109575510025024,-0.003780469764024,0.243831992149353,0.8361829519271851,-0.0039964499883353,0.2617306709289551,0.8407187461853027,-0.0028895155992358,0.2491512149572372,0.7713474035263062,-0.003462491557002,0.2337936460971832,0.8398175835609436,-0.0095135737210512,0.2565206885337829,0.860053539276123,-0.0076737031340599,0.2752617001533508,0.861652672290802,-0.0056056538596749,0.2556590735912323,0.8021292090415955,-0.0086375158280134,0.2484854906797409,0.8591225147247314,-0.0137116350233554,0.2675746083259582,0.8756181001663208,-0.0124506391584873,0.2840896546840668,0.87860107421875,-0.0097838370129466,RIGHT_INDEX_LEFT
18,cmario,0.4086769223213196,0.5260961055755615,-2.586133973636606e-07,0.3544776737689972,0.555875301361084,0.0099791167303919,0.3166010677814483,0.5572566390037537,0.0080275079235434,0.2865869104862213,0.5660613775253296,0.0004785547789651,0.2608750462532043,0.5782454013824463,-0.008528396487236,0.2934301495552063,0.4429020881652832,0.0074632177129387,0.2407582700252533,0.4424731731414795,-0.0012027911143377,0.2102575302124023,0.4361091256141662,-0.0084026418626308,0.1828940212726593,0.4314648509025574,-0.014423694461584,0.2984820604324341,0.4373070895671844,-0.0043615535832941,0.239980086684227,0.4970363080501556,-0.017948031425476,0.2321736514568328,0.5478456616401672,-0.0262326318770647,0.2332024872303009,0.5829610228538513,-0.0308992099016904,0.3047281503677368,0.4501455426216125,-0.0159585755318403,0.2528767883777618,0.5151952505111694,-0.0295009445399045,0.2467996478080749,0.5644278526306152,-0.0339713953435421,0.2477543503046035,0.5994549989700317,-0.035079251974821,0.3105870485305786,0.4764576554298401,-0.0267147310078144,0.2754890620708465,0.5314083099365234,-0.0353831313550472,0.2667328119277954,0.5675049424171448,-0.0379608571529388,0.262975126504898,0.5975537896156311,-0.0380676761269569,RIGHT_INDEX_LEFT
19,aliviu,0.7009350061416626,0.5810071229934692,-1.935967191002419e-07,0.6348506808280945,0.5414779782295227,0.0067216465249657,0.5561403632164001,0.5490462779998779,-0.0025795872788876,0.4981220364570617,0.5977519154548645,-0.0152521329000592,0.4663704335689544,0.650688886642456,-0.030637813732028,0.5015470385551453,0.5158339738845825,-0.023359103128314,0.4121996760368347,0.5446261167526245,-0.0473000556230545,0.3567757606506347,0.5456192493438721,-0.0598748512566089,0.3104839324951172,0.5382927656173706,-0.0701676830649375,0.5159487128257751,0.5358361601829529,-0.0377021469175815,0.4555371403694153,0.6747317910194397,-0.0651911422610282,0.4917076230049133,0.6977255940437317,-0.0609498396515846,0.5178600549697876,0.6727786064147949,-0.0564038306474685,0.5395178198814392,0.5774145126342773,-0.0515802055597305,0.4958359003067016,0.7086578607559204,-0.0740487277507782,0.529013454914093,0.7126860618591309,-0.0572011955082416,0.5482476949691772,0.6797829270362854,-0.0449520461261272,0.5654252767562866,0.6234434247016907,-0.0654352903366088,0.5398663878440857,0.7221662998199463,-0.0823843330144882,0.5668459534645081,0.7196568250656128,-0.074656531214714,0.5825316309928894,0.6902868151664734,-0.0670829936861991,RIGHT_INDEX_LEFT
20,aliviu,0.7316997051239014,0.445802092552185,-3.47119559762632e-08,0.6707327961921692,0.4338239133358001,-0.0012069552903994,0.6088014245033264,0.4587183594703674,-0.0144805489107966,0.573555052280426,0.5125312209129333,-0.0291881579905748,0.557416558265686,0.5665990710258484,-0.0466836765408515,0.5672646760940552,0.4352087378501892,-0.0327530279755592,0.5058265924453735,0.4594203233718872,-0.0602355860173702,0.4594394564628601,0.4656628370285034,-0.0790414288640022,0.4186314940452575,0.4709880352020263,-0.0940986201167106,0.587719738483429,0.4390103816986084,-0.0440852679312229,0.566363513469696,0.5679723024368286,-0.0720388814806938,0.5970448851585388,0.5626466870307922,-0.0731033161282539,0.6109862923622131,0.5299292802810669,-0.0738113224506378,0.6197559833526611,0.4619109034538269,-0.055188313126564,0.6031430959701538,0.5815355181694031,-0.0810166895389556,0.6283005475997925,0.5665395855903625,-0.0677871406078338,0.6376779079437256,0.5333186388015747,-0.0573972910642623,0.6532539129257202,0.4906128942966461,-0.0661868751049041,0.6397031545639038,0.5804942846298218,-0.0874053090810775,0.6604653596878052,0.5649534463882446,-0.0802608728408813,0.6686816811561584,0.5357871055603027,-0.0725755095481872,RIGHT_INDEX_LEFT
21,aliviu,0.7067456245422363,0.4624136686325073,-1.492976906547483e-07,0.6426334381103516,0.4493913948535919,0.0100531559437513,0.5807363986968994,0.47210693359375,0.000124203361338,0.5418182611465454,0.5237312316894531,-0.0131497895345091,0.522553563117981,0.5758933424949646,-0.0298065021634101,0.5320687294006348,0.4500612020492553,-0.0283999368548393,0.4659915268421173,0.4773945808410644,-0.0520118363201618,0.418553739786148,0.4891344904899597,-0.0668127015233039,0.3785642981529236,0.4983656108379364,-0.0792999342083931,0.5533857345581055,0.4565770030021667,-0.0447379015386104,0.5251170992851257,0.5891423225402832,-0.0684102103114128,0.5572366118431091,0.5924944281578064,-0.0658093243837356,0.5750658512115479,0.5646694302558899,-0.0648303106427192,0.5866420865058899,0.4817529320716858,-0.0594888478517532,0.5674997568130493,0.6077606081962585,-0.0782850980758667,0.5952829718589783,0.5972399711608887,-0.0625552982091903,0.6062719821929932,0.5639110207557678,-0.0530601106584072,0.621025562286377,0.510794460773468,-0.0735601037740707,0.6118199825286865,0.6077975034713745,-0.0899141132831573,0.6327781081199646,0.5964970588684082,-0.0823335126042366,0.640529453754425,0.566255509853363,-0.0758421942591667,RIGHT_INDEX_LEFT
22,aandi,0.7724469900131226,0.4160081148147583,-1.918141236956217e-07,0.7158627510070801,0.3864099085330963,0.023120230063796,0.6623755693435669,0.3899984955787658,0.0213159248232841,0.6212896704673767,0.41116863489151,0.0154222222045063,0.592122495174408,0.4418071806430816,0.0054335291497409,0.6245863437652588,0.3657053709030151,-0.0272696614265441,0.5606039762496948,0.3777956962585449,-0.0471930392086505,0.5221202969551086,0.3767317533493042,-0.0584340132772922,0.4888930022716522,0.3758563101291656,-0.0651476010680198,0.6463955044746399,0.3800745904445648,-0.0448230132460594,0.5923398733139038,0.4595645666122436,-0.0619371831417083,0.5852688550949097,0.5134756565093994,-0.0599934346973896,0.588493287563324,0.5465744137763977,-0.0588095225393772,0.6700924038887024,0.4109615981578827,-0.0587732382118701,0.6197018027305603,0.4844085574150085,-0.0727518796920776,0.6125715374946594,0.5285515785217285,-0.0651532337069511,0.6162875890731812,0.552402675151825,-0.0589107051491737,0.6914069652557373,0.4448223710060119,-0.0696361437439918,0.6458572745323181,0.5011826753616333,-0.0764202773571014,0.6386467218399048,0.5284152030944824,-0.0684343874454498,0.6388829350471497,0.5420170426368713,-0.0610147155821323,RIGHT_INDEX_LEFT
23,aandi,0.7966841459274292,0.3828796446323395,-2.953037778752332e-07,0.7412193417549133,0.3567001223564148,0.0226132161915302,0.6840517520904541,0.3629545271396637,0.0199869405478239,0.639441192150116,0.3803034722805023,0.0122779412195086,0.6073852777481079,0.4082286953926086,0.0007556762429885,0.6514950394630432,0.3207677900791168,-0.0290637388825416,0.5842571258544922,0.3357992470264435,-0.0526371262967586,0.543954610824585,0.3385056257247925,-0.0660840049386024,0.5087094306945801,0.3408735990524292,-0.0748203992843627,0.6720168590545654,0.3278186619281769,-0.0490614548325538,0.6087720394134521,0.3984833359718323,-0.0722251161932945,0.6000796556472778,0.4570381343364715,-0.0702379047870636,0.6054561734199524,0.4965354204177856,-0.0675113424658775,0.6954110860824585,0.3564448654651642,-0.0661028325557708,0.640137255191803,0.4271538555622101,-0.085819199681282,0.6275210976600647,0.4771558046340942,-0.076983705163002,0.6297198534011841,0.508457601070404,-0.0686392560601234,0.7169697880744934,0.3921853601932525,-0.0804054662585258,0.6702219247817993,0.4516881704330444,-0.0954346284270286,0.6529707312583923,0.4867503345012665,-0.0919841900467872,0.6449079513549805,0.5085857510566711,-0.0866210907697677,RIGHT_INDEX_LEFT
24,aandi,0.7697234153747559,0.3893178105354309,-2.3514847669048322e-07,0.7115030288696289,0.37143027782440186,0.01215869840234518,0.6537062525749207,0.3842214047908783,0.004138908814638853,0.6084572672843933,0.4138609766960144,-0.007118451874703169,0.5802702307701111,0.44971343874931335,-0.021556254476308823,0.6250149011611938,0.33305931091308594,-0.03373861312866211,0.5554994344711304,0.3472767174243927,-0.05665279179811478,0.5148211717605591,0.351972758769989,-0.06905808299779892,0.48162171244621277,0.3518974184989929,-0.07757364958524704,0.646431028842926,0.3389670252799988,-0.050064265727996826,0.5762012004852295,0.4149325489997864,-0.0749114602804184,0.5742692351341248,0.47562018036842346,-0.07504624873399734,0.5874315500259399,0.5071096420288086,-0.07342809438705444,0.6716883182525635,0.3655048608779907,-0.06402801722288132,0.6121849417686462,0.4460746943950653,-0.08513839542865753,0.6112834215164185,0.49227896332740784,-0.07689625769853592,0.6245682835578918,0.5090708136558533,-0.06850157678127289,0.6958798766136169,0.39982882142066956,-0.07621851563453674,0.6463454365730286,0.46764516830444336,-0.09230615943670273,0.6344630718231201,0.5031993389129639,-0.0889221727848053,0.6333807110786438,0.5177298188209534,-0.08353783935308456,RIGHT_INDEX_LEFT
